turbine,Q
639.9,0.038302298
569.9,0.034073577
517,0.031121062
458,0.027548024
396,0.023827335
331,0.01988759
281,0.016812691
220,0.013159363
162,0.009684217
109.4,0.006357854
